Image,Title,Rating,Price,Ad_Organic
https://m.media-amazon.com/images/I/61N2I4e0PNL._AC_UY218_.jpg,"Apple 2026 MacBook Neo 13″ Laptop with A18 Pro chip: Built for AI and Apple Intelligence, Liquid Retina Display, 8GB Unified Memory, 256GB SSD Storage, 1080p FaceTime HD Camera; Citrus",4.8 out of 5 stars,"65,000",Ad
https://m.media-amazon.com/images/I/71CjP9jmqZL._AC_UY218_.jpg,"Apple 2025 MacBook Air (13-inch, Apple M4 chip with 10-core CPU and 8-core GPU, 16GB Unified Memory, 256GB) - Midnight",4.7 out of 5 stars,"97,900",Ad
https://m.media-amazon.com/images/I/61R5Ecv7i-L._AC_UY218_.jpg,"HP 15, 13th Gen Intel Core i3-1315U Laptop (8GB DDR4,512GB SSD) Anti-Glare, Micro-Edge,15.6''/39.6cm, FHD, Win11,M365 Basic(1yr),Office Home24, Silver,1.59kg, FHD Camera w/Privacy Shutter, fd0569TU",4.2 out of 5 stars,"49,100",Organic
https://m.media-amazon.com/images/I/81BEfyD0qeL._AC_UY218_.jpg,"Acer Smartchoice Aspire One, Intel Core Celeron N4500, Office 2024 + M365 Basic, 12GB LPDDR4X / 256GB SSD, 14.0""/35.56cm TN HD Display, Win 11 Home, Pure Silver, 1.3KG, A114-45, Thin and Light Laptop",3.3 out of 5 stars,"35,990",Organic
https://m.media-amazon.com/images/I/818iNyzckGL._AC_UY218_.jpg,"ASUS Vivobook 15, Smartchoice,Intel Core i5 13th Gen 13420H,16GB RAM, 512GB SSD, FHD 15.6"",Windows 11, Office Home 2024, Quiet Blue, 1.70 kg, X1502VA-BQ836WS,Intel UHD iGPU, M365 Basic (1Year)* Laptop",4.2 out of 5 stars,"59,990",Organic
https://m.media-amazon.com/images/I/61AccNkmFFL._AC_UY218_.jpg,"Lenovo V15 G4 AMD Athlon Silver 7120U Laptop 8GB LPDDR5 Ram, 512 GB SSD PCIe, Windows 11 Lifetime Validity,15.6"" FHD Screen, AMD Radeon 610M, Silver, 1 Year Brand Warranty",4.0 out of 5 stars,"44,999",Organic
https://m.media-amazon.com/images/I/71MbIVSIhAL._AC_UY218_.jpg,"Acer Smartchoice Aspire One, AMD Ryzen 3-7320U, 8GB LPDDR5 RAM/ 256GB SSD, 14.0""/35.56cm TN HD Display, Win 11 Home, Pure Silver, 1.48KG, A114-43, Thin and Light Laptop",3.7 out of 5 stars,"39,990",Organic
https://m.media-amazon.com/images/I/71K4CpdfmHL._AC_UY218_.jpg,"ASUS TUF A15 (2025), AMD Ryzen 7 7445HS,RTX 3050-4GB,75W TGP,16GB DDR5(Upgradeable Upto 64GB) 512GB SSD,FHD,15.6"",144Hz,RGB Keyboard,Windows 11,Graphite Black,2.3 Kg FA506NCG-HN199W, Gaming Laptop",4.2 out of 5 stars,"68,990",Organic
https://m.media-amazon.com/images/I/81OAbFkYnmL._AC_UY218_.jpg,"Lenovo LOQ Essential AMD Ryzen 5 7535HS | NVIDIA RTX 3050 6GB (16GB RAM/512GB SSD/144Hz Refresh Rate/15.6"" (39.6cm)/Windows 11/Office Home 2024/3 Mon. Game Pass/Grey/1.8Kg), 83S000G8IN Gaming Laptop",N/A,"1,17,990",Organic
https://m.media-amazon.com/images/I/61bWhgr-qgL._AC_UY218_.jpg,"HP 15 Smartchoice, 13th Gen Intel Core i3-1315U(8GB DDR4,512GB SSD) FHD, Anti-Glare, Micro-Edge, 15.6''/39.6cm, Win11, M365(1yr)*Office24, Silver,1.59kg, fd0572TU, FHD Camera w/Shutter, Backlit Laptop",4.1 out of 5 stars,"51,990",Organic
https://m.media-amazon.com/images/I/61h78UMEXjL._AC_UY218_.jpg,"Apple 2026 MacBook Pro Laptop with M5 Max chip with 18‑core CPU and 40‑core GPU: Built for AI, 41.05 cm (16.2″) Liquid Retina XDR Display, 48GB Unified Memory, 2TB SSD Storage; Space Black",4.3 out of 5 stars,"4,99,900",Ad
https://m.media-amazon.com/images/I/716M8uhjvSL._AC_UY218_.jpg,"Apple 2026 MacBook Air 15″ Laptop with M5 chip: AI and Apple Intelligence, 38.91 cm (15.3″) Liquid Retina Display, 24GB Unified Memory, 1TB SSD Storage, 12MP Center Stage Camera, Touch ID; Silver",5.0 out of 5 stars,"1,84,900",Ad
https://m.media-amazon.com/images/I/71I4NoKj-oL._AC_UY218_.jpg,"Dell 15, Intel Core i3/Core 3 14th Gen-100U, 16GB DDR4, 512GB SSD, FHD IPS, 15.6""/39.62cm, Windows 11, Microsoft Office Home 2024, Carbon Black, 1.63Kg, Thin & Light, Laptop Model NO - Dell 15 DCU5250",3.7 out of 5 stars,"52,280",Organic
https://m.media-amazon.com/images/I/718X9G8SM0L._AC_UY218_.jpg,"Dell 15 Smart Choice (Previously Inspiron), 13th Gen Intel Core i5-1334U (16GB RAM, 1TB SSD) FHD, 15.6""/39.62cm, Windows 11 MSO'24, Silver, 1.62kg, 12 Month McAfee, Backlit KB, Thin & Light Laptop",3.8 out of 5 stars,"67,990",Organic
https://m.media-amazon.com/images/I/71-ki53YAPL._AC_UY218_.jpg,"HP OmniBook 3, AMD Ryzen AI 5 330 (24GB DDR5 RAM, 1TB SSD) FHD, Anti-Glare, 15.6''/39.6cm, Win11, Office24, Glacier Silver,1.7kg, fn0074AU, FHD Camera w/Shutter, FPR, Backlit KB, Next Gen AI Laptop",5.0 out of 5 stars,"70,990",Organic
https://m.media-amazon.com/images/I/61aQ9BYq89L._AC_UY218_.jpg,"Lenovo Chromebook Intel Celeron N4500 (4GB RAM/64GB eMMC 5.1/11.6 Inch (29.46cm)/HD Display/2Wx2 Stereo Speakers/HD Camera/Chrome OS/Blue/1.21Kg), 82UY0014HA",3.9 out of 5 stars,"17,990",Organic
https://m.media-amazon.com/images/I/71qIJPTTD3L._AC_UY218_.jpg,"HP Victus, AMD Ryzen 7 7445HS, 4GB RTX 2050, 16GB DDR5(Upgradable) 512GB SSD, FHD, 144Hz, 300 nits, IPS, 15.6''/39.6cm, Win11, M365* Office24, Mica Silver, 2.29kg, fb3123AX, Backlit, Gaming Laptop",4.2 out of 5 stars,"67,900",Organic
https://m.media-amazon.com/images/I/71IjxF4prWL._AC_UY218_.jpg,"Lenovo Ideapad Slim 3, 13th Gen Intel Core i7 13620H, 16GB RAM, 512GB SSD, WUXGA IPS, 15.3""/38.8cm, Win 11, Office 2024, Top Metal Cover Grey, 1.6Kg, 83K100CJIN/S1IN, Backlit KB, Laptop",4.1 out of 5 stars,"76,990",Organic
https://m.media-amazon.com/images/I/81PaO9Q1WFL._AC_UY218_.jpg,"Lenovo Yoga Slim 7, Intel Core Ultra 5 125H, 16GB RAM, 512GB SSD, AI PC, WUXGA-OLED, 14""/35.5cm, Windows 11, Microsoft 365 Basic + Office 2024, Grey, 1.39Kg, 83CV00DFIN, AI Powered Laptop",4.2 out of 5 stars,"79,990",Organic
https://m.media-amazon.com/images/I/71kKQjKzW1L._AC_UY218_.jpg,"Apple 2026 MacBook Air 13″ Laptop with M5 chip: AI and Apple Intelligence, 34.46 cm (13.6″) Liquid Retina Display, 16GB Unified Memory, 512GB SSD Storage, 12MP Center Stage Camera, Touch ID; Sky Blue",4.8 out of 5 stars,"1,10,300",Ad
https://m.media-amazon.com/images/I/71eX66ytH+L._AC_UY218_.jpg,"Apple 2026 MacBook Air 13″ Laptop with M5 chip: AI and Apple Intelligence, 34.46 cm (13.6″) Liquid Retina Display, 16GB Unified Memory, 512GB SSD Storage, 12MP Center Stage Camera, Touch ID; Midnight",4.5 out of 5 stars,"1,09,496",Ad
https://m.media-amazon.com/images/I/61SHFVKs+AL._AC_UY218_.jpg,"HP 15, AMD Ryzen 3 7320U (8GB LPDDR5, 512GB SSD) FHD, Anti-Glare, Micro-Edge, 15.6""/39.6cm, Win 11, Office 21, Silver, 1.59kg, fc0154AU, AMD Radeon Graphics, 1080p FHD Camera Laptop",4.0 out of 5 stars,"44,600",Organic
https://m.media-amazon.com/images/I/61EDWCjLk8L._AC_UY218_.jpg,"ASUS Vivobook Go 15 (2025), AMD Ryzen 5 7520U Thin & Light Laptop(16GB RAM/512GB SSD/FHD/15.6""/60Hz/Windows 11/M365 Basic (1Year)*/Office Home 2024/Backlit KB/Mixed Black/1.63Kg) E1504FA-BQ2414WS",4.2 out of 5 stars,"54,490",Organic
https://m.media-amazon.com/images/I/51JfDmvAvkL._AC_UY218_.jpg,"HP Business Laptop (2026) AMD Ryzen 5 7535U 8GB DDR5 RAM, 512GB SSD, AMD Radeon Graphics, Windows 11 Pro, 15.6"" HD Display, Thin & Light, Turbo Silver, 1.45 kg",5.0 out of 5 stars,"46,990",Organic
https://m.media-amazon.com/images/I/51PG5cPDTsL._AC_UY218_.jpg,"𝗟𝗲𝗻𝗼𝘃𝗼Model L490 Laptop |Core i5 8th Gen | 8GB RAM | 256GB SSD | 14"" Full HD | Win 10 pro | A+ Condition (Tested & Pre-Owned)",N/A,"20,499",Organic
https://m.media-amazon.com/images/I/61XOR7fpbVL._AC_UY218_.jpg,"Lenovo Ideapad 5 2-in-1 13th Gen Core i5-13420H (16GB RAM/512GB SSD/Windows 11/Office Home 2024/WUXGA IPS/14 (35.5cm)/Touchscreen 2-in-1/3Mon.Game Pass/Grey/1.6kg), 83KX0059IN Laptop",4.2 out of 5 stars,"79,490",Organic
https://m.media-amazon.com/images/I/71ZlIDunitL._AC_UY218_.jpg,"HP Smartchoice OmniBook 5 OLED (Previously Pavilion), Snapdragon X Processor (16GB LPDDR5x, 512GB SSD) 2K, 14''/35.6cm, Win11, M365(1yr)* Office24, Silver, 1.35kg, he0014QU, Next-Gen AI Laptop",4.1 out of 5 stars,"75,990",Organic
https://m.media-amazon.com/images/I/71r2ySSfgBL._AC_UY218_.jpg,"HP Victus, AMD Ryzen 7 7445HS, 6GB RTX 4050, 16GB DDR5(Upgradeable) 512GB SSD, 144Hz, IPS, 300nits, FHD, 15.6''/39.6cm, Win11, M365* Office24, Blue, 2.29kg, fb3130AX, Backlit, DTS Audio, Gaming Laptop",4.2 out of 5 stars,"97,990",Organic
https://m.media-amazon.com/images/I/51LHNjAjH9L._AC_UY218_.jpg,"𝗗𝗲𝗹𝗹Laptop Model 5420 | 𝗜𝗡𝗧𝗘𝗟i5 11th Gen Processor |8GB DDR4 RAM |256GB SSD |14"" FHD Display | Win10 | A+ Condition Laptop (Refab)",3.0 out of 5 stars,"32,890",Organic
https://m.media-amazon.com/images/I/51vIhMJreOL._AC_UY218_.jpg,"𝗗𝗲𝗹𝗹Model 5420 Touchscreen Laptop- Core i7 11th gen -512GB SSD- 16GB RAM - Sleek & Thin 14"" FHD -Win 10 Silver (Pre-Owned & Tested)",N/A,"35,899",Organic
https://m.media-amazon.com/images/I/71h+7L8gcrL._AC_UY218_.jpg,"BrowseBook 14.1"" FHD IPS Laptop | Best Student & Office Work Laptop | Celeron N4020 | 4GB RAM | 256GB SSD | Windows 11 | 38Wh | 1.3kg | Grey",2.7 out of 5 stars,"16,990",Organic
https://m.media-amazon.com/images/I/71Go8vTBwXL._AC_UY218_.jpg,"HP 15, Intel Core 5 120U (14th Gen) 16GB DDR4, 512GB SSD, FHD, Anti-Glare, Micro-Edge, 15.6''/39.6cm, Win11, M365 Basic(1yr), Office24, Silver,1.59kg, FD0640TU/682tu, FHD Camera w/Shutter, BL Laptop",4.0 out of 5 stars,"64,990",Organic
https://m.media-amazon.com/images/I/71vhdLDaDQL._AC_UY218_.jpg,"HP 14 Smartchoice, Intel Core Ultra 5 125H (24GB DDR5, 1TB SSD), Micro-Edge, Anti-Glare, FHD, 14''/35.6cm, Win11, M365* Office24, Silver, 1.4kg, ep1180TU, FHD Camera, Backlit Laptop",3.6 out of 5 stars,"76,990",Organic
https://m.media-amazon.com/images/I/71FJAKQJ0JL._AC_UY218_.jpg,"Dell G Series, 13th Gen Intel Core i5-13450HX, NVIDIA RTX 3050-6GB, 16GB DDR5, 512GB SSD, FHD, 15.6""/39.62cm, Windows 11, Microsoft Office Home 2024, 2.65KG, G15-5530, Backlit Keyboard, Gaming Laptop",4.0 out of 5 stars,"76,990",Organic
https://m.media-amazon.com/images/I/81Be1f26lVL._AC_UY218_.jpg,"Lenovo IdeaPad Slim 3, Intel Core i3 13th Gen 1315U, 8GB RAM, 512GB SSD, FHD 15.6""(39.6cm), Windows 11, Office 2024, Grey, 1.6Kg, 82X700G5IN, Alexa Built-in, 1Yr ADP Free, 3 Month Game Pass Laptop",4.0 out of 5 stars,"47,490",Organic
https://m.media-amazon.com/images/I/71rDlgf2Q6L._AC_UY218_.jpg,"HP 255R G10 Notebook (AMD Athlon Silver 7120U /8GB/512GB/DOS) 15.6-inch(39.6cm), Anti-Glare, HD Laptop, Radeon Graphics, Silver,1.52kg",N/A,"39,850",Organic
https://m.media-amazon.com/images/I/61vulbzLZcL._AC_UY218_.jpg,"HP 15, Intel Core i3-1315U-13th Gen Laptop (8GB DDR4 Ram,512GB SSD) Anti-Glare, Micro-Edge,15.6'"" FHD, Win11,M365 Basic(1yr),Office Home24, Silver,1.59kg, FHD Camera Shutter, 15-fd0569TU",4.0 out of 5 stars,"49,490",Organic
https://m.media-amazon.com/images/I/71OjWwgFuEL._AC_UY218_.jpg,"Apple 2026 MacBook Air 13″ laptop with M5 chip: AI and Apple Intelligence, 34.46 cm (13.6″) Liquid Retina Display, 16GB Unified Memory, 512GB SSD Storage, 12MP Center Stage Camera, Touch ID; Starlight",4.6 out of 5 stars,"1,10,300",Ad
https://m.media-amazon.com/images/I/51oZp2EkLjL._AC_UY218_.jpg,"HP Professional 14 (2026) – Intel Core 5 120U (14th Gen), 16GB RAM, 512GB SSD, Windows 11 Pro, MSO 2024, Copilot Key, Fingerprint Reader, Intel Iris Xe Graphics, 14″ FHD Display, 1.53Kg – Turbo Silver",5.0 out of 5 stars,"60,500",Organic
https://m.media-amazon.com/images/I/71oGM-26fZL._AC_UY218_.jpg,"ASUS Vivobook 16, Snapdragon X, 16GB RAM, 512GB SSD, FHD+ 16"", Windows 11, Office Home 2024, Quiet Blue, 1.88kg, X1607QA-MB049WS, Qualcomm Adreno iGPU, 45TOPS, M365 Basic (1Year)* Laptop",4.2 out of 5 stars,"58,990",Organic
https://m.media-amazon.com/images/I/71CgSaE-qeL._AC_UY218_.jpg,"acer Aspire Lite, AMD Ryzen 5 7430U Processor,Office 2024 + M365 Basic, 16 GB RAM, 512 GB SSD, Full HD, 15.6""/39.62 cm, Windows 11 Home, Steel Grey, 1.59 kg, AL15-41, Thin and Light Laptop",4.0 out of 5 stars,"47,990",Organic
https://m.media-amazon.com/images/I/61kNhhiAxSL._AC_UY218_.jpg,"Lenovo IdeaPad Slim 3 12th Gen Intel Core i5-12450H 15.6 Inch (39.6cm) FHD Thin & Light Laptop (16GB/512GB SSD/Windows 11/Office Home 2024/3months Game Pass/Arctic Grey/1.62Kg), 83ER00MCIN",4.4 out of 5 stars,"69,800",Organic
https://m.media-amazon.com/images/I/81XstkrCA8L._AC_UY218_.jpg,"HP 14, Intel Core Ultra 5 125H (24GB DDR5, 1TB SSD) Micro-Edge, Anti-Glare, FHD, 14''/35.6cm, Win11, M365* Office24, Silver, 1.4kg, ep1180TU, FHD Camera, Backlit Laptop",3.8 out of 5 stars,"87,990",Organic
https://m.media-amazon.com/images/I/61yC4DN4asL._AC_UY218_.jpg,"Aspire Lite 13th Gen Intel Core i5-1334U, Office 2024 + M365 Basic, 16 GB RAM/512GB SSD,Full HD, 15.6""/39.62 cm, Win 11 Home, Steel Gray, 1.59 KG, AL15-53, Metal Body, Thin and Light Premium Laptop",4.0 out of 5 stars,"56,900",Organic
https://m.media-amazon.com/images/I/71HKFtogydL._AC_UY218_.jpg,"HP Smartchoice Victus, 13th Gen Intel Core i7-13620H, 8GB RTX 5050, 24GB DDR5(Upgradeable) 1TB SSD, 144Hz, FHD, 15.6''/39.6cm, Win11, M365* Office24, Mica Silver, 2.29kg, fa2309TX, RGB Gaming Laptop",4.0 out of 5 stars,"1,19,990",Organic
https://m.media-amazon.com/images/I/51w9ar5n+UL._AC_UY218_.jpg,"MSI Thin 15, Intel 13th Gen. i5-13420H, 40CM FHD 144Hz Gaming Laptop (16GB/512GB NVMe SSD/Windows 11 Home/NVIDIA GeForce RTX 3050, GDDR6 6GB/Cosmos Gray/1.8Kg) B13UDX-129IN",4.4 out of 5 stars,"66,990",Organic
https://m.media-amazon.com/images/I/71YeigfZCuL._AC_UY218_.jpg,"ASUS Gaming V16 (2025) 14th Gen,Intel Core 7 240H Gaming Laptop (RTX 4050-6GB/16GB RAM/512GB SSD/Windows 11 Home/16/144Hz/M365*/Office Home 2024, Matte Black,1.95 Kg),V3607VU-RP275WS",4.5 out of 5 stars,"92,990",Organic
https://m.media-amazon.com/images/I/71FVyverqHL._AC_UY218_.jpg,"HP 15, AMD Ryzen 5 7520U (16GB DDR4, 512GB SSD) FHD, Anti-Glare, Micro-Edge, 15.6''/39.6cm, Win11, M365 Basic(1yr), Offic24, Silver,1.59kg, fc0806AU, FHD Camera w/Privacy Shutter, Backlit Laptop",N/A,"61,990",Organic
https://m.media-amazon.com/images/I/71O0M22NGRL._AC_UY218_.jpg,"ASUS TUF F16, 14th Gen,Intel Core i7 14650HX,RTX 5060-8GB,16GB,1TB,FHD+,16"",165Hz,90WHrs,Windows 11,M365 Basic (1Year)*,Office 2024,Jaeger Gray,2.2 Kg, FX608JMR-RV049WS, Gaming Laptop",4.4 out of 5 stars,"1,49,990",Organic
https://m.media-amazon.com/images/I/71MbIVSIhAL._AC_UY218_.jpg,"Acer Smartchoice Aspire One, AMD Ryzen 3-7320U, Office 2024 + M365 Basic, 8GB LPDDR5 RAM/ 256GB SSD, 14.0""/35.56cm TN HD Display, Win 11 Home, Pure Silver, 1.48KG, A114-43, Thin and Light Laptop",N/A,"41,990",Organic
https://m.media-amazon.com/images/I/513p8BwV-RL._AC_UY218_.jpg,"acer Aspire Lite, AMD Ryzen 3 5300U Processor, 16 GB RAM, 512GB SSD, Full HD, 15.6""/39.62cm, Windows 11 Home, Steel Gray, 1.59KG, AL15-41, Metal Body, Premium Thin and Light Laptop",4.0 out of 5 stars,"49,790",Organic
https://m.media-amazon.com/images/I/61KJB9peJNL._AC_UY218_.jpg,"ASUS Zenbook 14 (2026),Smartchoice,Intel Core Ultra 9 285H,32GB RAM,1TB SSD,OLED,Touchscreen,14""(35.5 cm),Win 11,M365 Basic(1Y)* Office 24,Ponder Blue,1.28 Kg,UX3405CA-QL1016WS,Thin & Light Laptop",5.0 out of 5 stars,N/A,Organic
https://m.media-amazon.com/images/I/71K-77wHn2L._AC_UY218_.jpg,"Lenovo IdeaPad Slim 3 13th Gen Core i7-13620H 15.3"" (38.8cm) WUXGA IPS Laptop (16GB RAM/512GB SSD/Win 11/Office 2024/Backlit/1Yr ADP Free/Top Metal Cover & IR Camera/Grey/1.6Kg),83K1011BIN",4.0 out of 5 stars,"80,750",Organic
https://m.media-amazon.com/images/I/51GDyaNXQxL._AC_UY218_.jpg,"MSI Katana 15, Intel 14th Gen. i9-14900HX, 40cm QHD 165Hz Gaming Laptop (16GB/1TB NVMe SSD/Windows 11 Home/NVIDIA GeForce RTX 5060, GDDR7 8GB/Black/2.4Kg) B14WFK-261IN",3.3 out of 5 stars,"1,64,990",Organic
https://m.media-amazon.com/images/I/71bIUPAleZL._AC_UY218_.jpg,"ASUS Vivobook 15, 13th Gen, Intel Core i3-1315U, 16GB RAM, 512GB SSD, FHD, Anti-Glare, 15.6"", 39.6 cm, Windows 11 Home, M365 Basic(1yr)* Office24, Cool Silver, 1.70 kg, X1504VA-BQ341WS, Laptop",4.3 out of 5 stars,"52,500",Organic
https://m.media-amazon.com/images/I/71D5f6HJk2L._AC_UY218_.jpg,"acer Aspire 3 Intel Pentium N100 Processor Laptop with 35.56 cm (14"") Full HD IPS Display (16 GB RAM/512 GB SSD/Intel Graphics/Win11 Home/WiFi 6/38Wh) A324-31, Steel Gray, 1.45KG",3.6 out of 5 stars,"39,990",Organic
https://m.media-amazon.com/images/I/71i8sUwTjoL._AC_UY218_.jpg,"Lenovo {Smartchoice} Idea Tab Pro with Pen Plus|12.7"" 3K Display|144 Hz Refresh|12 GB RAM, 256 GB ROM| AI-Enabled| MediaTek Dimensity 8300|Quad JBL Speakers|10200 mAh Battery with 45 W Charger|WiFi 6e",4.4 out of 5 stars,"35,954",Organic
https://m.media-amazon.com/images/I/71LFZxS09oL._AC_UY218_.jpg,"HP Professional 15 (2026), Intel (i3 14th Gen) Core 3 100U - (8 GB/512 GB SSD/Intel UHD Graphics) Thin & Light Business Laptop/15.6"" Display/Turbo Silver/Copilot Key/1.5kg",2.5 out of 5 stars,"46,460",Organic
https://m.media-amazon.com/images/I/61O2P+m2gIL._AC_UY218_.jpg,"ASUS Vivobook 14, (i5 14th Gen) Intel Core 5 120U, Thin & Light Laptop(16GB RAM/512GB SSD/FHD/14/60Hz/Fingerprint Reader/M365 Basic (1Year)*/Office Home 2024/Quiet Blue/1.4 Kg) X1404VAP-EB1542WS",4.0 out of 5 stars,"64,430",Organic
https://m.media-amazon.com/images/I/51Ttl4ZgM7L._AC_UY218_.jpg,"Lenovo Thinkpad P14s Intel Core Ultra 9 185H 14.5""(36.83 cm) WUXGA IPS 300Nits, AI Ready Workstation (32GB/1TB SSD/Windows 11 Pro/Backlit/Intel Graphics/Black/3Y Premier Warranty/1.61Kg), 21G2S04P00",5.0 out of 5 stars,N/A,Organic
https://m.media-amazon.com/images/I/81c6CME0d9L._AC_UY218_.jpg,"Lenovo Legion Pro 7 2025 Intel Core Ultra 9 275HX | NVIDIA RTX 5090 24GB (64GB RAM/1TB SSD/WQXGA OLED/240Hz/16 (40.6cm)/Windows 11/Office 2024+AI Now/Black/2.5Kg), 83F500D8IN AI Powered Gaming Laptop",5.0 out of 5 stars,"4,82,490",Organic
https://m.media-amazon.com/images/I/710T7opADkL._AC_UY218_.jpg,"ASUS TUF A16 (2026), AMD Ryzen 7 170 Processor,RTX 4050-6GB, 16GB RAM, 512GB SSD, FHD+, 16""(40 cm), Windows 11 Home, M365 Basic(1 Year)* Office 2024, Mecha Gray, 2.2 Kg, FA607NUQ-RL047WS,Gaming Laptop",4.5 out of 5 stars,"99,990",Organic
https://m.media-amazon.com/images/I/816vnY-8LuL._AC_UY218_.jpg,"Lenovo LOQ 2025 AMD Ryzen 7 250| NVIDIA RTX 5060 8GB (24GB RAM/1TB SSD/144Hz Refresh Rate/572 AI TOPS/15.6"" (39.6cm)/Windows 11/Office 2024/3 Mon. Game Pass/Grey/2.4Kg), 83JG008MIN",4.9 out of 5 stars,"1,41,990",Organic
https://m.media-amazon.com/images/I/51kG0ca8MEL._AC_UY218_.jpg,"HP Business 250R G10 (2025) Thin & Light Laptop with Intel Core 3 14th Gen 100U, 16GB RAM, 512GB SSD, 15.6″ IPS Display, Copilot Key, Windows 11 Pro & MS Office 2024, Turbo Silver (1.5 kg)",N/A,"51,890",Organic
https://m.media-amazon.com/images/I/81xbSMHZ0UL._AC_UY218_.jpg,"Lenovo Yoga Slim 7 Intel Core Ultra 7 155H 14""(35.5cm) WUXGA-OLED 400Nits Laptop (32GB RAM/1TB SSD/AI PC/2Wx4 Speakers/Windows 11/Office Home 2024/1Yr ADP Free/Grey/1.39Kg), 83CV00D3IN",4.8 out of 5 stars,"1,29,990",Organic
https://m.media-amazon.com/images/I/614QC+tnRVL._AC_UY218_.jpg,"HP 14, Intel Core 13th Generation Intel Core i7-1355U (16GB DDR4, 512GB SSD), Micro-Edge, Anti-Glare, FHD, 14''/35.6cm, Win11, M365* Office24, Silver, 1.4kg, EP0159TU, FHD Camera, Backlit Laptop",5.0 out of 5 stars,"79,990",Organic
https://m.media-amazon.com/images/I/61tjQ9CkAhL._AC_UY218_.jpg,"ASUS Zenbook 14 (2026),Smartchoice,Intel Core Ultra 9 285H,32GB RAM,1TB SSD,OLED,Touchscreen,14""(35.5 cm),Win 11,M365 Basic(1Y)* Office 24,Foggy Silver,1.28 Kg,UX3405CA-QL1113WS,Thin & Light Laptop",N/A,"1,24,990",Organic
https://m.media-amazon.com/images/I/713PRh1j6jL._AC_UY218_.jpg,"HP 15, AMD Ryzen 7 5825U, 16GB DDR4, 512GB SSD, 15.6-inch(39.6cm) Anti-Glare, FHD, Radeon Graphics, Backlit KB, 1080p HD cam (Win11, M365 Basic(1yr)*,Office Home24, Silver, 1.69kg) fc0533AU",3.9 out of 5 stars,"58,990",Organic
https://m.media-amazon.com/images/I/61JXT1qggjL._AC_UY218_.jpg,"Lenovo ThinkBook 14, AMD Ryzen 5 220, 16GB RAM, 1TB SSD, WUXGA IPS 14” (35.56cm), Windows 11 Home, Arctic Grey, 1.36Kg, 21V0A01SIG, Fingerprint, Backlit, 400 Nits, 1Y Warranty, Laptop",5.0 out of 5 stars,"77,990",Organic
https://m.media-amazon.com/images/I/81CAThD9XUL._AC_UY218_.jpg,"acer Aspire Lite,13th Gen, Intel Core i5-13420H Processor, 16 GB RAM, 512 GB SSD, Full HD IPS, 15.6""/39.62 cm, Windows 11 Home, MS Office, Pure Silver, 1.70 kg, AL15-52H, Thin and Light Laptop",4.1 out of 5 stars,"59,780",Organic
https://m.media-amazon.com/images/I/71618Qzqd5L._AC_UY218_.jpg,"Certified T14 Professional Light Weight Laptop | Core i5 10th Gen | Up to 32GB RAM | Up to 2TB SSD | 14"" FHD Display | Windows 11 (16, GB, 512, GB)",N/A,"29,990",Organic
https://m.media-amazon.com/images/I/41r9Iz4j3LL._AC_UY218_.jpg,"Lenovo ThinkPad E14, AMD Ryzen 5 7535HS, 16GB RAM, 512GB SSD, WUXGA IPS 14” (35.56cm), Windows 11 Pro, Black, 1.42Kg, 21M3008UIG, Fingerprint, Backlit, 300 Nits, 3Y Premier Warranty, Laptop",N/A,"1,12,499",Organic
https://m.media-amazon.com/images/I/61DIi-Z-B7L._AC_UY218_.jpg,"Lenovo 14 (2025), AMD Ryzen 3 7320U Quad Core - (8 GB/512 GB SSD/AMD Radeon Graphics/Windows 11 Home) Thin and Light Business Laptop/14.0"" FHD Display/Silver/1.4 kg/MS Office 2021",4.0 out of 5 stars,"43,750",Organic
https://m.media-amazon.com/images/I/71gGeGiFNKL._AC_UY218_.jpg,"HP 15 (2026), Renewd AMD Ryzen 7 Octa Core 7735U - (16 GB DDR5/512 GB SSD/AMD Radeon 680M Graphics/DOS) Thin & Light Business Laptop/15.6"" FHD Display/Backlit + Fingerprint/Silver/1.5kg",5.0 out of 5 stars,"61,000",Organic
https://m.media-amazon.com/images/I/71uPoxSrtQL._AC_UY218_.jpg,"ASUS ROG Zephyrus G14,AMD Ryzen AI 9 HX 370 Gaming Laptop(RTX 5070 Ti -12GB/110W TGP/32GB/2TB/3K OLED/14/120Hz/Windows 11/M365 Basic (1Year)*/Office Home 2024/Eclipse Gray/1.57 Kg) GA403WR-QS123WS",4.2 out of 5 stars,"2,79,990",Organic
https://m.media-amazon.com/images/I/71Du1Y52b9L._AC_UY218_.jpg,"ASUS Gaming V16, Intel Core 7 240H (14th Gen), RTX 5060-8GB,16GB RAM,512GB SSD,FHD+,16"",144Hz,Backlit Keyboard,Windows 11,M365 Basic (1Y),Office 2024,Matte Black,1.95 Kg,V3607VM-RP057WS, Gaming Laptop",3.8 out of 5 stars,"1,09,990",Organic
https://m.media-amazon.com/images/I/71VR5f3I7pL._AC_UY218_.jpg,"acer TravelLite Thin Laptop AMD Ryzen 3 5400U | 8GB RAM, 512GB SSD | 14"" Full HD Anti-Glare Display | Windows 11 | MS Office | 1.34Kg | Black | 1 Year Warranty",1.0 out of 5 stars,"42,990",Organic
https://m.media-amazon.com/images/I/61Rq2G4xnwL._AC_UY218_.jpg,"ASUS ROG Strix SCAR 18,Intel Core Ultra 9 275HX Gaming Laptop(NVIDIA RTX 5090-24GB/175W TGP/64GB/2TB/2.5K QHD+/18""/240Hz/Windows 11/M365 Basic(1Year)*/Office Home 2024/Off Black/3.30 Kg)G835LX-SA187WS",N/A,"4,99,990",Organic
https://m.media-amazon.com/images/I/61SX7Uabk5L._AC_UY218_.jpg,"Dell Inspiron 7640 Thin & Light Laptop, Intel Core i5-13420H Processor, 16GB DDR5 + 512GB SSD, 16"" (40.64cm) FHD+ 250nits Display, Backlit KB + FPR, Win 11 + MSO'21, 15 Months McAfee, Ice Blue, 1.90kg",4.1 out of 5 stars,"98,990",Organic
https://m.media-amazon.com/images/I/71D9HSayVSL._AC_UY218_.jpg,"Lenovo Ideapad Slim 3 13Th Gen Intel Core I5-13420H 15.3""(38.8Cm) WUXGA IPS Laptop(16GB RAM/512GB SSD/Windows 11/Office Home 2024/Backlit Keyboard/1Yr ADP Free/3 Mon. Game Pass/Grey/1.6Kg) 83K100C6IN",4.0 out of 5 stars,"67,910",Organic
https://m.media-amazon.com/images/I/71X3qj7oRXL._AC_UY218_.jpg,"HP Victus, 13th Gen Intel core i7-13650HX, 6GB RTX 4050, 24GB DDR5, 512GB SSD, FHD, 144Hz, 300 nits, IPS, 15.6''/39.6cm, Win11, M365* Office24, Mica Silver, 2.29kg, fa2531TX, Backlit KB, Gaming Laptop",N/A,"1,19,990",Organic
https://m.media-amazon.com/images/I/51oVfg0-3TL._AC_UY218_.jpg,"MSI Raider Gaming Laptop,Intel Core Ultra 9 285HX+24GB RTX 5090,64GB,4TB SSD with Logitech G502 LS Wireless Gaming Mouse, 25000DPI Programmable and Logitech GProX Wired Gaming Headset",N/A,"5,17,780",Organic
https://m.media-amazon.com/images/I/51Wz7fEvO+L._AC_UY218_.jpg,"acer Travelmate Business Laptop Intel Core i3 1115G4 Processor (8GB DDR4/ 256GB SSD/Intel Iris Xe Graphics/Windows 11 Home) TMP215-53 with 15.6 Inch Screen, / Full HD Display/1 Year Warranty",N/A,"42,999",Organic
https://m.media-amazon.com/images/I/51TjZ1nza0L._AC_UY218_.jpg,"Lenovo ThinkPad X1 Carbon Intel Core Ultra 7 155U 14"" WUXGA IPS 400 Nits 100% sRGB Thin and Light Laptop (32GB RAM/1TB SSD/Win 11 Pro/Fingerprint/Backlit/3Y Premier Support/Black/1.08 kg), 21KCS0CW00",5.0 out of 5 stars,"2,50,000",Organic
